video_ID,mos,width,height,pixfmt,framerate,nb_frames,bitdepth,bitrate
29156f5f_1625182919237.mp4,48.86617719,720,1424,yuv420p,30.0003,241,8,3862622
22cde97b_1625790190347.mp4,40.34775454,720,1448,yuv420p,30.0003,241,8,3973055
78bc35c_1627621049091.mp4,47.80532074,720,1444,yuv420p,30.0003,241,8,7105576
a74a66_1625558660846.mp4,50.23935176,720,1280,yuv420p,30.0003,241,8,5775608
2691bd99_1625365687644.mp4,50.17665323,540,1140,yuv420p,24.00038401,193,8,4135521
blurred_ff_blur_708_20d56425_1623718197375_new.mp4,49.90328762,720,1280,yuv420p,30.0003,243,8,2152989
13d522db_1624552257431.mp4,45.59181685,672,1364,yuv420p,30.0003,241,8,2010762
5470da9_1624370652249.mp4,51.71759643,720,1080,yuv420p,30.3030303,243,8,4249029
3686d071_1625332782323.mp4,37.58605123,720,1440,yuv420p,30.0003,241,8,3967363
27b9fd41_1626958726419.mp4,41.48420255,720,1440,yuv420p,30.0003,241,8,3826554
blurred_ff_blur_708_185466a6_1624340254589_new.mp4,45.92881698,640,1162,yuv420p,30.0003,241,8,2669608
1960fa47_1624091557399.mp4,44.76913818,720,1184,yuv420p,30.0003,241,8,3491276
211e484a_1625387312030.mp4,52.65030793,718,1478,yuv420p,30.0003,241,8,4011406
5c65525_1626099489339.mp4,55.75159882,640,1162,yuv420p,30.0003,241,8,2723053
17dce931_1627607154549.mp4,42.27775628,640,1280,yuv420p,30.0003,241,8,3024026
2a212ea9_1625580208482.mp4,49.87501626,668,1376,yuv420p,30.0003,241,8,3478303
1a44fdf4_1625136338046.mp4,45.85583334,720,1280,yuv420p,30.0003,241,8,3398506
ce07b7e_1623857989290.mp4,36.72593504,672,1364,yuv420p,30.0003,241,8,3471920
a14b382_1625148645293.mp4,45.02411136,718,1478,yuv420p,30.0003,241,8,3677098
13ff40d4_1627439400054.mp4,45.32585212,720,1460,yuv420p,30.0003,241,8,3594403
39193385_1625329412561.mp4,50.61330567,720,1280,yuv420p,30.0003,241,8,3433752
3505aacd_1625328481571.mp4,43.41445448,720,1448,yuv420p,30.0003,241,8,3935073
21f6dc5a_1626947402039.mp4,43.93349901,720,1440,yuv420p,30.0003,241,8,3843343
229dade3_1626628474007.mp4,45.09651407,720,1424,yuv420p,30.0003,241,8,3611543
c182fce_1625446958026.mp4,53.31892462,720,1460,yuv420p,30.0003,241,8,3950878
24bada1a_1625419963124.mp4,45.15164655,720,1364,yuv420p,30.0003,241,8,3632931
17442818_1624148819526.mp4,46.46873798,720,1444,yuv420p,30.0003,241,8,5009162
3729bfb9_1626967334515.mp4,44.58350338,540,1140,yuv420p,24.00038401,193,8,2340763
10366e10_1625411577975.mp4,39.14634325,718,1478,yuv420p,30.0003,241,8,3561450
370725c7_1625205621422.mp4,58.59248347,720,1424,yuv420p,30.0003,241,8,3811575
2e1b799a_1625939987227.mp4,40.70333707,720,1440,yuv420p,30.0003,241,8,3870164
72c4967_1625660446467.mp4,39.94270264,672,1364,yuv420p,30.0003,241,8,3437611
fe2a132_1625904863686.mp4,50.37664344,720,1352,yuv420p,30.0003,241,8,3574484
2cc099a7_1627210254776.mp4,49.05357252,684,1342,yuv420p,30.0003,241,8,6164325
312d39e2_1624260797850.mp4,47.94879673,718,1482,yuv420p,30.0003,241,8,3948198
1053ebfc_1625979357786.mp4,41.91056769,720,1284,yuv420p,30.0003,241,8,4037628
6429553_1626672677852.mp4,50.14859682,720,1280,yuv420p,30.0003,241,8,3601820
33a78c20_1624343660141.mp4,50.3767589,720,1414,yuv420p,30.0003,241,8,3831260
4e48fb2_1625976596546.mp4,47.5401519,720,1474,yuv420p,30.0003,241,8,7131397
34c44f7d_1624728879123.mp4,48.58881428,720,1486,yuv420p,30.0003,241,8,7102190
148a7e2c_1626109749085.mp4,43.85445577,720,1280,yuv420p,30.0003,241,8,3454607
3475a8af_1625118677432.mp4,45.95207347,720,1444,yuv420p,30.0003,241,8,3808398
33fcf129_1625293765296.mp4,49.26194597,720,1364,yuv420p,30.0003,241,8,3514291
2d0fd4db_1625408136135.mp4,44.7782095,720,1460,yuv420p,30.0003,241,8,3286164
198c8a2e_1625457573321.mp4,54.74141864,684,1342,yuv420p,30.0003,241,8,3338138
2402fafe_1626372803440.mp4,47.4694342,720,1424,yuv420p,30.0003,241,8,3850379
blurred_ff_blur_708_56b552f_1624032284739_new.mp4,52.07330832,676,1356,yuv420p,30.0003,241,8,3442456
e833edd_1625333232945.mp4,52.76398403,720,1280,yuv420p,30.0003,241,8,4866491
27fb7f74_1626610055629.mp4,46.69894371,720,1410,yuv420p,30.0003,241,8,3857873
254b8a0e_1626496937993.mp4,36.781521,720,1410,yuv420p,30.0003,241,8,4154443
12db8cac_1626314014075.mp4,43.57862096,720,1410,yuv420p,30.0003,241,8,3848639
1c31898b-d050-4bfe-a785-220effe7a0cb-b70aa5e6-2115-47b5-8ebb-ee8943a8e4a8.mp4,31.28931772,720,1424,yuv420p,30.0003,241,8,3799876
1d27558a_1625219893569.mp4,33.39029411,720,1280,yuv420p,30.0003,241,8,3811659
192ac34e_1627552888666.mp4,43.64435903,720,1460,yuv420p,30.0003,241,8,3987687
10bc0331_1625329068714.mp4,40.52744389,720,1460,yuv420p,30.0003,241,8,4062659
2f33f29b_1625418463041.mp4,44.46490712,718,1478,yuv420p,30.0003,241,8,3607690
53385f5e-b54a-4a43-9c5e-d1f5792f671f-8f5c26fd-30e9-4b69-b382-43ba8e6f04e7.mp4,45.71769924,720,1444,yuv420p,30.0003,241,8,6768649
10995d95_1625039667103.mp4,51.00091395,640,1216,yuv420p,30.0003,241,8,2942423
16d5a6c4_1625887574649.mp4,62.02559682,720,1460,yuv420p,30.0003,241,8,3946633
2c7388da_1624528406400.mp4,46.86822669,718,1478,yuv420p,30.0003,241,8,3940228
20b1e41f_1625577649485.mp4,47.00537424,720,1460,yuv420p,30.0003,241,8,3937224
blurred_ff_blur_708_1790fd3c_1623993653435_new.mp4,47.07571402,720,1448,yuv420p,30.0003,241,8,3998103
508d486_1626027839916.mp4,34.60050058,540,1110,yuv420p,24.00038401,193,8,2322675
265fefc2_1625216039298.mp4,47.17102094,720,1352,yuv420p,30.0003,241,8,3550694
3012e615_1624375239761.mp4,35.1241854,720,1460,yuv420p,30.0003,241,8,3973717
2d5671fe_1625464263038.mp4,35.41511855,720,1460,yuv420p,30.0003,241,8,3917898
3092977f_1625287813488.mp4,45.78307887,720,1280,yuv420p,30.0003,241,8,3480011
1037a723_1625040385291.mp4,43.12277472,720,1280,yuv420p,30.0003,241,8,3477603
174753a6_1625236128351.mp4,38.73329211,720,1364,yuv420p,30.0003,241,8,4163876
125612f1_1623751052229.mp4,43.77162643,672,1368,yuv420p,30.0003,241,8,6287797
5afc8a9_1625197189804.mp4,45.95043016,720,1460,yuv420p,30.0003,241,8,3976367
223c5491_1625018994902.mp4,53.25020829,676,1356,yuv420p,30.0003,241,8,3380986
213cb6a5_1625450650132.mp4,47.54817709,718,1482,yuv420p,30.0003,241,8,3984607
b432618_1626439645980.mp4,35.16436465,718,1478,yuv420p,30.0003,241,8,3541459
25b1cc32_1625215378098.mp4,41.56056721,720,1448,yuv420p,30.0003,241,8,3994667
b32345d_1625308826096.mp4,46.61357838,720,1364,yuv420p,30.0003,241,8,3615789
234d5d98_1626184094311.mp4,40.63737355,720,1454,yuv420p,30.0003,241,8,6939873
3582bdbb_1626152179063.mp4,49.98265284,720,1448,yuv420p,30.0003,241,8,3921230
26323780_1627708677485.mp4,38.5206142,720,1460,yuv420p,30.0003,241,8,3936332
blurred_ff_blur_708_10e3e96a_1625375073578.mp4,46.6930444,576,1024,yuv420p,30.0003,243,8,1250159
99d94ec_1625422366026.mp4,52.04133194,720,1280,yuv420p,30.0003,241,8,3442851
2e97d985_1627646960183.mp4,42.95520047,720,1280,yuv420p,30.0003,241,8,3414054
blurred_ff_blur_708_35bed926_1625161059092_new.mp4,43.59517061,640,1162,yuv420p,30.0003,241,8,2732606
305c6e80_1625381125568.mp4,44.75880133,676,1356,yuv420p,30.0003,241,8,3413411
3548d4be_1625419602819.mp4,46.48971679,720,1410,yuv420p,30.0003,241,8,3829389
c066d00_1625110262381.mp4,44.47901688,720,1464,yuv420p,30.0003,241,8,7263825
11945625_1626754445696.mp4,37.99481864,640,1264,yuv420p,30.0003,241,8,2825033
b85591c_1627012164242.mp4,47.82794799,720,1464,yuv420p,30.0003,241,8,4058600
3346927c_1624897323923.mp4,51.42549037,640,1162,yuv420p,30.0003,241,8,2742247
97af096_1625201450507.mp4,50.08908236,672,1364,yuv420p,30.0003,241,8,3247513
32c339d4_1624357418287.mp4,41.45205039,720,1474,yuv420p,30.0003,241,8,7492876
e2474db_1625316249856.mp4,45.34946447,720,1444,yuv420p,30.0003,241,8,3741089
26cd7d78_1626176757197.mp4,40.64654457,720,1280,yuv420p,30.0003,241,8,3431174
3a104aaf_1624603095127.mp4,53.87083105,720,1460,yuv420p,30.0003,241,8,3628995
14dabfec_1625226045516.mp4,58.54711335,720,1364,yuv420p,30.0003,241,8,3613106
1d3f9321_1626192300581.mp4,46.66982253,640,1162,yuv420p,30.0003,241,8,4970826
38543b8_1625638898825.mp4,42.04013791,720,1424,yuv420p,30.0003,241,8,3856676
39ba1d4d_1626779416111.mp4,38.9721088,720,1344,yuv420p,30.0003,241,8,3342500
16d5b1fc_1625309049450.mp4,47.62999743,720,1280,yuv420p,30.0003,241,8,4275741
18b68a8_1625415900080.mp4,48.3216471,720,1280,yuv420p,30.0003,241,8,3463019
2f858897_1624794426451.mp4,37.74683266,720,1280,yuv420p,30.0003,241,8,3929418
1168490f_1626610253813.mp4,45.48361407,720,1364,yuv420p,30.0003,241,8,3680100
1ef20726_1624929387254.mp4,42.65596367,640,1280,yuv420p,30.0003,241,8,3057661
2f9bcb3e_1625654087923.mp4,45.39104771,640,1162,yuv420p,30.0003,241,8,2710796
384ddb4d_1623842493451.mp4,45.44686566,720,1440,yuv420p,30.0003,241,8,3817022
6fc507d_1624083927893.mp4,54.17319432,720,1460,yuv420p,30.0003,241,8,3906753
6345842_1627620482600.mp4,39.14367829,720,1280,yuv420p,30.0003,241,8,2550026
2e1fa6d1_1625410702442.mp4,44.12711498,640,1312,yuv420p,30.0003,241,8,5874238
1cf2549e_1625313804104.mp4,53.27873613,676,1356,yuv420p,30.0003,241,8,3423486
376cae28_1625189455539.mp4,48.97890498,640,1184,yuv420p,30.0003,241,8,1930191
12d4a038_1624601222422.mp4,42.82672442,720,1280,yuv420p,30.0003,241,8,6001338
10de97da_1625388647767.mp4,47.42169459,640,1280,yuv420p,30.0003,241,8,2437293
336296cf_1624897337412.mp4,49.90510166,576,1024,yuv420p,30.0003,241,8,2570658
37e525f0_1625572642544.mp4,52.34635633,720,1280,yuv420p,30.0003,241,8,3526621
1c32799e_1624941634261.mp4,52.77874417,640,1138,yuv420p,30.0003,241,8,2721195
3397a4a0_1625221371871.mp4,45.53136897,720,1280,yuv420p,30.0003,241,8,3316958
532ac61_1624582075220.mp4,38.08705071,720,1280,yuv420p,30.0003,241,8,3534814
2cb4630e_1625378567658.mp4,49.47190834,720,1080,yuv420p,30.0003,241,8,2937836
28a185aa_1627584315801.mp4,40.36653385,640,1162,yuv420p,30.0003,241,8,2724967
100feffb_1625575952036.mp4,43.73476796,696,1320,yuv420p,30.0003,241,8,4048304
28db3cf4_1625367599543.mp4,51.46296843,720,1280,yuv420p,30.0003,241,8,3422395
294477f4_1624364333863.mp4,49.7807189,718,1380,yuv420p,30.0003,241,8,3780288
32ec219f_1626289535716.mp4,49.1343997,640,1136,yuv420p,30,240,8,534856
2e1517f9_1625335513636.mp4,53.94487696,720,1280,yuv420p,30.0003,241,8,4048522
2a06f5c_1626764638877.mp4,45.72374068,640,1216,yuv420p,30.0003,241,8,2603189
35efdbd2_1625062260354.mp4,42.87447661,720,1280,yuv420p,30.0003,241,8,4258818
61b5b72_1625307224533.mp4,47.37759788,720,1448,yuv420p,30.0003,241,8,3942657
23549434_1625230309062.mp4,42.50039343,720,1460,yuv420p,30.0003,241,8,4372427
1cf095a8_1624930025172.mp4,44.50990656,720,1460,yuv420p,30.0003,241,8,3377258
2994559_1627698645677.mp4,44.34337822,720,1344,yuv420p,30.0003,241,8,3717148
1fd9d206_1625740762994.mp4,55.07804911,720,1280,yuv420p,30.0003,241,8,4493164
3186bc31_1625297892648.mp4,44.62108248,668,1372,yuv420p,30.0003,241,8,3424897
2ceac714_1623818094908.mp4,47.4383516,718,1376,yuv420p,30.0003,241,8,3566815
38c78bb2_1625641829059.mp4,38.14823433,718,1380,yuv420p,30.0003,241,8,3793392
140d888d_1625372592330.mp4,45.35069751,720,1344,yuv420p,30.0003,241,8,3657344
257af99e_1625147780313.mp4,39.74461961,720,1460,yuv420p,30.0003,241,8,3932826
2bb92819_1625457096307.mp4,44.20484796,720,1364,yuv420p,30.0003,241,8,3555077
18006e3f_1625570600116.mp4,46.442115,720,1448,yuv420p,30.0003,241,8,3990700
2b609f06_1625245961320.mp4,48.1056657,720,1422,yuv420p,30.0003,241,8,6899230
342e15f5_1623858844970.mp4,50.53926485,720,1280,yuv420p,30.0003,241,8,3442219
1628229a_1627027714155.mp4,44.33500258,688,1336,yuv420p,30.0003,241,8,3178048
30d64d45_1624435883421.mp4,34.56246498,680,1348,yuv420p,30.0003,241,8,3439813
591e4a7_1625486485344.mp4,43.34709248,676,1356,yuv420p,30.0003,241,8,3397637
3709f6a3_1625749810748.mp4,45.39549664,720,1440,yuv420p,30.0003,241,8,3845940
1e161d88_1625298994465.mp4,36.38102794,720,1424,yuv420p,30.0003,241,8,3846276
261ceb15_1625378419714.mp4,42.51275811,720,1464,yuv420p,30.0003,241,8,3953849
22744800_1627749204591.mp4,49.87736579,718,1478,yuv420p,30.0003,241,8,3917321
blurred_ff_blur_708_36eb1d41_1624760619956_new.mp4,47.15549781,576,1024,yuv420p,30.0003,243,8,695071
c5af127_1625406186907.mp4,51.14557862,640,1162,yuv420p,30.0003,241,8,2738164
108c47ee_1625638467827.mp4,49.55891749,718,1478,yuv420p,30.0003,241,8,3940698
8fb406f_1625321627723.mp4,54.28114495,640,1138,yuv420p,30.0003,241,8,2714061
1d29e6e5_1625898202003.mp4,48.52308223,720,1448,yuv420p,30.0003,241,8,3934558
215031d_1623861214182.mp4,47.08918221,720,1280,yuv420p,30.0003,241,8,3441763
19f2b2f8_1623841788692.mp4,51.92490166,720,1280,yuv420p,30.0003,241,8,3481472
1cb425ee_1625337004777.mp4,49.31743864,720,1280,yuv420p,30.0003,241,8,5968789
9223f3a_1625681516744.mp4,59.48819549,720,1280,yuv420p,30.0003,241,8,6231127
393ef159_1627020844079.mp4,40.53885093,720,1448,yuv420p,30.0003,241,8,3986436
35a0c9a3_1624706377792.mp4,41.35362624,720,1414,yuv420p,30.0003,241,8,3977550
37370af3_1625680191517.mp4,39.39027567,720,1344,yuv420p,30.0003,241,8,3664596
5f0ceea_1625160770077.mp4,47.87549253,720,1280,yuv420p,30.0003,241,8,3464431
29cc2893_1625393503933.mp4,44.38973374,612,1080,yuv420p,30.0003,241,8,2454014
1020ba92_1625492275201.mp4,40.59953553,718,1380,yuv420p,30.0003,241,8,3899620
350c79ff_1626716708554.mp4,39.53188537,720,1410,yuv420p,30.0003,241,8,3954764
1492dd15_1627303492393.mp4,58.15888533,718,1376,yuv420p,30.0003,241,8,3736405
1e238908_1625668686040.mp4,55.84486631,720,1280,yuv420p,30.0003,241,8,6242397
24fb6723_1624678591550.mp4,45.86506773,718,1376,yuv420p,30.0003,241,8,3601637
17c29d2_1625452151938.mp4,39.61041417,720,1280,yuv420p,30.0003,241,8,3582914
1bd78a4b_1625378591019.mp4,49.09365489,720,1280,yuv420p,30.0003,241,8,3458551
1f80ddfd_1625248292832.mp4,42.41479221,720,1440,yuv420p,30.0003,241,8,3590788
18894316_1625474139053.mp4,51.61334622,720,1480,yuv420p,24.00038401,193,8,3962348
19ebd133_1627481838340.mp4,43.8129044,718,1380,yuv420p,30.0003,241,8,3771902
295aa519_1627205168482.mp4,48.78016835,640,1162,yuv420p,30.0003,241,8,2723194
14b54398_1625042006234.mp4,47.20199388,720,1364,yuv420p,30.0003,241,8,3363378
293913b3_1625668532767.mp4,46.18928997,720,1460,yuv420p,30.0003,241,8,3732118
29fae908_1625421435400.mp4,44.32886935,720,1280,yuv420p,30.0003,241,8,3434232
1f54399b_1625415104967.mp4,54.78999983,640,1296,yuv420p,30.0003,241,8,3102483
1e00777e_1625306430998.mp4,43.33395031,720,1486,yuv420p,30.0003,241,8,6123984
27ca69b4_1625590338960.mp4,36.2288046,720,1440,yuv420p,30.0003,241,8,3877081
34a8c62b_1625484110061.mp4,42.47016738,718,1478,yuv420p,30.0003,241,8,3936314
24153a7d_1625211558765.mp4,44.8186596,540,1200,yuv420p,24.00038401,193,8,2488157
1ee9932d_1626656516153.mp4,43.83197673,720,1460,yuv420p,30.0003,241,8,1332174
2374bc1d_1625828402940.mp4,44.85819621,720,1440,yuv420p,30.0003,241,8,3807020
223b9971_1625936381100.mp4,44.81666133,720,1280,yuv420p,30.0003,241,8,3660464
3447de6a_1627747644168.mp4,49.57601615,720,1280,yuv420p,30.0003,241,8,3418668
3a0f953f_1625161787586.mp4,47.81762295,640,1216,yuv420p,30.0003,241,8,2946315
7478ada_1625210042687.mp4,43.29520391,720,1444,yuv420p,30.0003,241,8,3899665
30c0b700_1625442788263.mp4,48.7265658,720,1280,yuv420p,30.0003,241,8,6222323
2486b561_1625753054314.mp4,48.59494394,720,1460,yuv420p,30.0003,241,8,3980987
9d1ed187-9c1e-47a5-9b50-baca74f0fda1-24e55e15-786c-46df-8f9e-f931a03a1e7f.mp4,42.37222014,688,1336,yuv420p,30.0003,241,8,3454543
21a05bb8_1625400084256.mp4,58.14786572,720,1410,yuv420p,30.0003,241,8,3774137
269ff81a_1624538597780.mp4,46.0269551,720,1424,yuv420p,30.0003,241,8,3885697
193709ad_1624594938157.mp4,37.26525824,720,1448,yuv420p,30.0003,241,8,4018604
16f10362_1625459174119.mp4,45.26017233,640,1344,yuv420p,30.0003,241,8,5849270
2c0a9d3b_1625200113075.mp4,45.74854905,720,1280,yuv420p,30.0003,241,8,3283554
11a0fb3e_1624591587979.mp4,47.51649578,720,1448,yuv420p,30.0003,241,8,4018122
3a194565_1625622135247.mp4,48.76574875,720,1440,yuv420p,30.0003,241,8,3843935
288ef117_1625102647073.mp4,56.88405635,720,1280,yuv420p,30.0003,241,8,3384687
6abe7f8c-6246-4cb6-bc54-fe2abcef888d-81ea88e0-5827-4bb9-ba95-436023119251.mp4,40.00864779,720,1440,yuv420p,30.0003,241,8,3870272
25bb0a3b_1626506223815.mp4,49.8435632,720,1280,yuv420p,30.0003,241,8,3431072
316523e1_1625410524797.mp4,54.33883313,720,1280,yuv420p,30.0003,241,8,3382351
a32f40f_1625158796702.mp4,39.86173865,540,1140,yuv420p,24.00038401,193,8,4215665
2467df8c_1624459177634.mp4,39.24171396,720,1448,yuv420p,30.0003,241,8,4014292
1048298d_1627642493180.mp4,46.40091105,720,1344,yuv420p,30.0003,241,8,3631320
10b995d3_1626673133111.mp4,38.8908008,720,1280,yuv420p,30.0003,241,8,3406805
1066ac5d_1627529564576.mp4,50.15490442,720,1424,yuv420p,30.0003,241,8,3769365
2633180d_1625723642394.mp4,46.39014886,668,1376,yuv420p,30.0003,241,8,3459395
22b07283_1627608651474.mp4,49.97258224,720,1424,yuv420p,30.0003,241,8,3852525
29a7364b_1625138135758.mp4,54.28371741,720,1280,yuv420p,24.00038401,193,8,3428781
1e31ddb9_1624550861321.mp4,45.38014383,720,1444,yuv420p,30.0003,241,8,3904182
178f1dbc_1625457161601.mp4,60.18907013,720,1464,yuv420p,30.0003,241,8,7142039
17940be7_1624422256138.mp4,49.14379494,640,1162,yuv420p,30.0003,241,8,2711038
1bb20462_1627033368129.mp4,40.14904017,720,1364,yuv420p,30.0003,241,8,3516842
1ebeecd7_1625564188089.mp4,51.11803518,640,1162,yuv420p,30.0003,241,8,2732645
bf7134f_1625300476505.mp4,41.98703906,692,1328,yuv420p,30.0003,241,8,3496497
2749b52e_1625218343372.mp4,51.04460061,718,1376,yuv420p,30.0003,241,8,3753286
24f852a9_1625655827744.mp4,42.40027472,640,1162,yuv420p,30.0003,241,8,2709049
257d7809_1624171967420.mp4,40.46046517,718,1380,yuv420p,30.0003,241,8,3752776
13b4424e_1624269692795.mp4,42.29648054,720,1346,yuv420p,30.0003,241,8,4144235
c37a75a_1625369502201.mp4,49.31672789,720,1410,yuv420p,30.0003,241,8,3869094
17aa09f1_1623781299564.mp4,41.74524855,544,1006,yuv420p,30.0003,241,8,2020382
38c56a78_1625407146770.mp4,43.7053513,720,1480,yuv420p,24.00038401,193,8,3917103
1b04ede8_1625480315261.mp4,42.61605035,540,1200,yuv420p,24.00038401,193,8,2414705
16c1ca1e_1625112617805.mp4,46.23990133,720,1460,yuv420p,30.0003,241,8,3952858
100059ab_1625636135953.mp4,48.32104525,718,1482,yuv420p,30.0003,241,8,3958744
121d41a6_1625723340516.mp4,42.21328347,720,1448,yuv420p,30.0003,241,8,3917018
e2eceb9_1624800761495.mp4,43.55029738,540,1200,yuv420p,24.00038401,193,8,2427032
61b3f54_1625118030326.mp4,48.94394202,720,1444,yuv420p,30.0003,241,8,3642300
18761310_1627287302578.mp4,48.18068411,688,1336,yuv420p,30.0003,241,8,3326516
11c0c44b_1625463931488.mp4,43.22412322,720,1422,yuv420p,30.0003,241,8,3854082
1e5776b0_1625302121249.mp4,54.67138863,720,1410,yuv420p,30.0003,241,8,3848109
24d689ae_1626281589943.mp4,46.16769857,696,1316,yuv420p,30.0003,241,8,3251246
29430715_1626429951269.mp4,44.75966542,720,1440,yuv420p,30.0003,241,8,4384511
1ad862b7_1626369420359.mp4,41.86943499,720,1280,yuv420p,30.0003,241,8,2347569
26e46fb4_1627548746395.mp4,47.55977297,576,1024,yuv420p,30.0003,241,8,2125687
2bcd277_1625454273951.mp4,40.47892194,720,1280,yuv420p,30.0003,241,8,3698259
2c8cf04_1627751258912.mp4,43.13012317,676,1356,yuv420p,30.0003,241,8,3386208
115c29dd_1625919918519.mp4,45.63555747,720,1424,yuv420p,30.0003,241,8,3841758
1aea7b69_1625148303707.mp4,46.80742925,720,1440,yuv420p,24.00038401,193,8,3967811
c65e1f0_1626164259501.mp4,36.36837311,720,1444,yuv420p,30.0003,241,8,3968919
17d0adac_1625804183457.mp4,38.69974581,720,1448,yuv420p,30.0003,241,8,4059434
2f6375c6_1625203452520.mp4,50.96263307,720,1440,yuv420p,30.0003,241,8,3845136
181a0daa_1627635825204.mp4,44.3800534,720,1280,yuv420p,30.0003,241,8,3414444
2e9f4a77_1625218536354.mp4,47.95623169,720,1424,yuv420p,30.0003,241,8,3566021
1dd842ea_1625416457590.mp4,51.00326431,720,1454,yuv420p,30.0003,241,8,4025380
ae89016_1625307809131.mp4,50.00698678,720,1364,yuv420p,30.0003,241,8,3684617
f3ce4e3_1625584489327.mp4,47.68188692,720,1440,yuv420p,30.0003,241,8,6983462
a390401_1625334245901.mp4,43.31325285,696,1320,yuv420p,30.0003,241,8,3987144
blurred_ff_blur_708_2066cdc5_1624248249386_new.mp4,51.41788403,718,1478,yuv420p,30.0003,241,8,3936313
2aa5e49b_1625289510135.mp4,38.59377581,720,1356,yuv420p,30.0003,241,8,4305821
2c2a8ab0_1624212009397.mp4,45.20987432,720,1444,yuv420p,30.0003,241,8,3900622
1fc05d32_1624172757849.mp4,45.56483995,720,1440,yuv420p,30.0003,241,8,3852562
20d6e67e_1624873569288.mp4,26.44338605,720,1364,yuv420p,30.0003,241,8,4059992
30a9d073_1625490470953.mp4,47.14010677,720,1364,yuv420p,30.0003,241,8,3445587
fc7096c_1624183083070.mp4,47.18344315,720,1344,yuv420p,30.0003,241,8,3638418
2cdd5d74_1624850273871.mp4,50.8913319,720,1344,yuv420p,30.0003,241,8,3687878
30fbb969_1623819841080.mp4,33.07590748,720,1424,yuv420p,30.0003,241,8,3675933
1170f986_1624530082826.mp4,47.66408141,640,1162,yuv420p,30.0003,241,8,2729555
3fa7b10_1625554069420.mp4,53.90754543,720,1410,yuv420p,30.0003,241,8,3836449
blurred_ff_blur_708_37bb6b56_1625218059233_new.mp4,47.45255423,576,1024,yuv420p,30.0003,243,8,884430
3158822c_1624111366552.mp4,45.38972189,680,1348,yuv420p,30.0003,241,8,3464407
1c62e46_1625367056013.mp4,50.1235711,624,1280,yuv420p,30.0003,241,8,2919290
10540056_1624287984072.mp4,45.59595568,720,1280,yuv420p,30.0003,241,8,3472945
1ed608f4_1625321634242.mp4,35.33583096,718,1478,yuv420p,30.0003,241,8,3912466
335ca5fd_1625388376809.mp4,41.94445964,720,1280,yuv420p,30.0003,241,8,2734345
5eaab5_1626542560645.mp4,39.71435951,720,1352,yuv420p,30.0003,241,8,4034072
2c6a272b_1626096700938.mp4,47.60597919,720,1284,yuv420p,30.0003,241,8,3443642
30c9ca4a_1625767211514.mp4,42.61653108,720,1486,yuv420p,30.0003,241,8,7095689
f4fd15c_1625155844316.mp4,50.4636074,640,1152,yuv420p,30.0003,241,8,2742976
3a376d3c_1627726363127.mp4,49.7496888,720,1444,yuv420p,30.0003,241,8,3829061
1131bbff_1626918908056.mp4,50.05547961,676,1356,yuv420p,30.0003,241,8,3393470
d14634_1624037180480.mp4,34.64703692,652,1404,yuv420p,30.0003,241,8,3581160
18c6d3a7_1627275417085.mp4,47.79499457,720,1450,yuv420p,30.0003,241,8,7007519
202cb1e_1624122115319.mp4,43.69542898,680,1348,yuv420p,30.0003,241,8,3390446
35820e8_1624888254998.mp4,50.56136323,720,1450,yuv420p,30.0003,241,8,6924667
2a39e3d5_1626949701793.mp4,48.31077226,720,1364,yuv420p,30.0003,241,8,3532486
118a1605_1625826541786.mp4,51.17049083,640,1138,yuv420p,30.0003,241,8,3177751
32b4f20f_1625416304441.mp4,41.02867966,720,1460,yuv420p,30.0003,241,8,4054325
37c8cb52_1625213190662.mp4,39.49177718,720,1344,yuv420p,30.0003,241,8,6653265
f75f8a_1624956778880.mp4,41.32778712,720,1344,yuv420p,30.0003,241,8,3657839
1e3dc54d_1625310548777.mp4,48.00582783,720,1440,yuv420p,30.0003,241,8,3823362
25d152b2_1625393562341.mp4,48.32055255,720,1448,yuv420p,30.0003,241,8,3924028
13f394c6_1625203939540.mp4,42.35036857,640,1264,yuv420p,30.0003,241,8,2999263
3711abf7_1625364752677.mp4,40.16294323,720,1416,yuv420p,30.0003,241,8,3875886
af4c176_1626251614288.mp4,45.63675427,720,1460,yuv420p,30.0003,241,8,3917688
30c88cb4_1624848961285.mp4,46.83827627,668,1376,yuv420p,30.0003,241,8,3479878
1bf79eef_1625221138055.mp4,33.38509039,540,1140,yuv420p,30.0003,241,8,2306968
3a57c37d_1625222356378.mp4,44.43040627,640,1138,yuv420p,30.0003,241,8,2913611
244ea389_1625333197812.mp4,54.36060866,720,1280,yuv420p,30.0003,241,8,3375428
29c0bf76_1625050838668.mp4,53.21920631,720,1386,yuv420p,30.0003,241,8,6800065
11ef83cd_1625323037090.mp4,49.65510158,640,1162,yuv420p,30.0003,241,8,2728203
2a2265ca_1625823588479.mp4,50.62408618,720,1448,yuv420p,30.0003,241,8,3956102
1c116eba_1625226899842.mp4,43.91734056,718,1478,yuv420p,30.0003,241,8,3645941
9287013_1625298972965.mp4,44.45695027,720,1440,yuv420p,30.0003,241,8,3864920
39219170_1627393707039.mp4,49.27408041,720,1424,yuv420p,30.0003,241,8,3832424
206eb919_1625393122365.mp4,51.46802059,720,1422,yuv420p,30.0003,241,8,3842489
212aba14_1624628715608.mp4,44.16338732,720,1460,yuv420p,30.0003,241,8,3925740
1ddfb5cb_1625624748666.mp4,34.71111028,720,1440,yuv420p,30.0003,241,8,6918434
27d3cd7c_1625651622417.mp4,44.87603583,720,1410,yuv420p,30.0003,241,8,3469680
2f5f9cb_1626843644966.mp4,37.77005745,720,1398,yuv420p,30.0003,241,8,4498693
1e4bc348_1624893785787.mp4,43.84627255,720,1460,yuv420p,30.0003,241,8,4030630
ef2f7d7_1627609708626.mp4,46.05818743,720,1284,yuv420p,30.0003,241,8,3345632
271f0d49_1624444865462.mp4,42.84960218,720,1440,yuv420p,30.0003,241,8,3599977
e3251a0_1625677423479.mp4,39.17860653,720,1448,yuv420p,30.0003,241,8,4987672
19321f29_1625245989821.mp4,38.68334261,720,1280,yuv420p,30.0003,241,8,3258582
2242a451_1625421422041.mp4,60.43469383,720,1280,yuv420p,30.0003,241,8,4333182
26773783_1626358556998.mp4,34.86739606,720,1420,yuv420p,30.0003,241,8,4888673
35f4cd3d_1626617945566.mp4,49.02097306,640,1264,yuv420p,30.0003,241,8,3020490
188c0f51_1625448857384.mp4,44.63497165,720,1414,yuv420p,30.0003,241,8,3839791
da5aa4e_1625415021595.mp4,42.49468256,720,1410,yuv420p,30.0003,241,8,3810599
20cbbef0_1626584183414.mp4,36.89410417,720,1444,yuv420p,30.0003,241,8,3852565
359048ee_1624179206492.mp4,47.48289268,720,1460,yuv420p,30.0003,241,8,3931978
d3a9ff1_1626937943497.mp4,30.26131931,720,1364,yuv420p,30.0003,241,8,4093052
15716ac0_1625130674176.mp4,53.35431807,720,1280,yuv420p,30.0003,241,8,3434658
1b9d4cd6_1626694359716.mp4,50.50509984,720,1460,yuv420p,30.0003,241,8,3975544
21e93eae_1627546756763.mp4,56.51157868,720,1280,yuv420p,30.0003,241,8,4304933
41c28e0_1625278400711.mp4,49.43554465,720,1424,yuv420p,30.0003,241,8,3828018
2a979ee2_1625126609763.mp4,39.98288309,720,1448,yuv420p,30.0003,241,8,3958241
1ff9450c_1625746751056.mp4,46.91915472,718,1478,yuv420p,30.0003,241,8,4110603
blurred_ff_blur_708_242829cf_1625195769720.mp4,44.29116579,576,1024,yuv420p,30.0003,243,8,962833
2e08d331_1625104990706.mp4,43.81986135,720,1410,yuv420p,30.0003,241,8,3830147
12382d30_1627650443533.mp4,40.83370378,668,1368,yuv420p,30.0003,241,8,3490054
36c2950c_1624241206765.mp4,50.52822737,720,1460,yuv420p,30.0003,241,8,3931386
289bbef_1625241170966.mp4,40.78149795,540,1110,yuv420p,24.00038401,193,8,2151409
1b85e814_1624172431052.mp4,41.63751813,720,1432,yuv420p,30.0003,241,8,3881101
8824703_1625304934404.mp4,52.49063941,640,1162,yuv420p,30.0003,241,8,2718136
9fcbfb2_1624411100341.mp4,36.73734585,720,1344,yuv420p,30.0003,241,8,4115600
blurred_ff_blur_708_26fa1036_1625111117752_new.mp4,34.57088636,720,1330,yuv420p,30.0003,241,8,3705370
20d3d8b_1625150292026.mp4,40.90380972,720,1440,yuv420p,30.0003,241,8,3866175
1637065b_1625213433916.mp4,52.45407015,720,1410,yuv420p,30.0003,241,8,3841927
blurred_ff_blur_708_2f28bfeb_1625551168028_new.mp4,35.6596744,688,1336,yuv420p,30.0003,241,8,3376823
1438f92a_1624465892232.mp4,33.03079377,720,1410,yuv420p,30.0003,241,8,1909994
4ab7f029-49c1-4214-8045-93c9ad1c9cd2-479c13b0-05ba-451d-8d30-8a95a9065fb7.mp4,41.7366044,640,1264,yuv420p,30.0003,241,8,2929262
307496fe_1626012068986.mp4,45.54943898,720,1280,yuv420p,30.0003,241,8,3432606
24989a2a_1627639906133.mp4,39.05003411,720,1448,yuv420p,30.0003,241,8,4014553
f906425_1626681977088.mp4,33.73627665,540,1200,yuv420p,24.00038401,193,8,2491578
2d451ba7_1625319632674.mp4,47.60464702,720,1424,yuv420p,30.0003,241,8,3804839
1ce1b6c_1626512391282.mp4,40.07315802,720,1432,yuv420p,30.0003,241,8,3859957
14df3439_1625665607020.mp4,47.18628709,718,1380,yuv420p,30.0003,241,8,3773227
1b285a9a_1624517957752.mp4,46.01835076,720,1344,yuv420p,30.0003,241,8,3640807
2ead1e9f_1625377569269.mp4,54.2819967,720,1280,yuv420p,30.0003,241,8,3417978
3a02f84f_1624022081656.mp4,45.90198392,720,1410,yuv420p,30.0003,241,8,4225731
584db7fa-5f6d-4e7b-baab-a34b0362b3c2-f4c64193-f6c7-4215-9764-e3f7cd6e2f91.mp4,50.58595801,680,1348,yuv420p,30.0003,241,8,3366219
blurred_ff_blur_708_1e3e4a70_1624336969171_new.mp4,34.07281152,540,1170,yuv420p,24.00038401,193,8,4268802
b1dfcb32-054c-4c9d-9d75-1af381224365-5f68944d-1874-4f25-b128-0cf01f30a5d1.mp4,49.83042074,720,1280,yuv420p,30.0003,241,8,3423174
e0f46f9_1625132378241.mp4,51.94542847,720,1440,yuv420p,30.0003,241,8,3884364
2af64654_1626544190886.mp4,43.4237856,720,1414,yuv420p,30.0003,241,8,3899850
12b5c5c6_1625381763066.mp4,65.66158742,720,1280,yuv420p,30.0003,241,8,6150355
212a105d_1627744325402.mp4,44.42676337,720,1280,yuv420p,30.0003,241,8,1938169
34d30c3a_1625292498189.mp4,51.30066238,718,1478,yuv420p,30.0003,241,8,3940525
2b6a464d_1625299453427.mp4,42.84510895,718,1380,yuv420p,30.0003,241,8,3825576
397914c8_1626026841713.mp4,38.80397827,720,1448,yuv420p,30.0003,241,8,3961493
26dfa605_1625216124543.mp4,44.40396931,720,1344,yuv420p,30.0003,241,8,3360742
2f0d6516_1625314175743.mp4,39.70877762,540,1140,yuv420p,24.00038401,193,8,2323377
74f54ca_1625472646367.mp4,38.31537636,718,1380,yuv420p,30.0003,241,8,3778165
20222f69_1625635144177.mp4,52.61063997,720,1444,yuv420p,30.0003,241,8,3864795
38d37a37_1625203497806.mp4,51.47376234,720,1454,yuv420p,30.0003,241,8,7047714
blurred_ff_blur_708_20651578_1624596517810_new.mp4,46.67453943,720,1280,yuv420p,30.0003,241,8,3437280
689d69_1623946690856.mp4,49.00721692,700,1308,yuv420p,30.0003,241,8,3454044
362ee7dd_1624336461577.mp4,56.91280027,720,1460,yuv420p,30.0003,241,8,3936748
2750aaea_1625237082968.mp4,44.38763939,720,1420,yuv420p,30.0003,241,8,3808817
18f27b45_1627617217897.mp4,48.55338654,720,1444,yuv420p,30.0003,241,8,3871923
208ff06e_1625280702330.mp4,47.35848826,640,1312,yuv420p,30.0003,241,8,3065247
d3e557b_1624426953198.mp4,45.58310058,720,1358,yuv420p,30.0003,241,8,4310654
35e08629_1624344376862.mp4,45.67492379,640,1264,yuv420p,30.0003,241,8,2852259
1841c2d1-7aed-413b-b7b3-2b5fe16d3bdb-a9033c5c-9f43-4bc5-9cff-196f37681cd5.mp4,41.02674444,540,1140,yuv420p,24.00038401,193,8,4175839
2ae88617_1625548186713.mp4,44.84073183,540,1140,yuv420p,24.00038401,193,8,4145152
1cd96b4e_1626595472349.mp4,31.09187619,718,1380,yuv420p,30.0003,241,8,355431
2400daf4_1625041465416.mp4,44.78898155,720,1424,yuv420p,30.0003,241,8,3859257
314bce77_1627020920475.mp4,41.66949795,540,1140,yuv420p,24.00038401,193,8,2326304
blurred_ff_blur_708_a54ae25_1625376935709_new.mp4,50.34585625,720,1444,yuv420p,30.0003,241,8,3815293
339c22a_1624564200148.mp4,50.74953951,720,1422,yuv420p,30.0003,241,8,6938935
1fc9524c_1625483984762.mp4,54.71070619,720,1480,yuv420p,24.00038401,193,8,3829661
18a74e05_1625570461247.mp4,43.59991496,720,1364,yuv420p,30.0003,241,8,3634648
18e76515_1625286656890.mp4,54.71092086,718,1376,yuv420p,30.0003,241,8,3740721
efafde03-bed7-401e-a895-cc1591aab658-7e3da1df-9930-4fbb-a0e0-7b033df66d87.mp4,41.01121888,672,1364,yuv420p,30.0003,241,8,3260240
2c4abadc_1625406984882.mp4,45.53633564,720,1440,yuv420p,30.0003,241,8,3829647
2d2ddec1_1625804500025.mp4,43.11532545,720,1410,yuv420p,30.0003,241,8,3871377
19f01940_1626082866816.mp4,45.38011355,718,1380,yuv420p,30.0003,241,8,3815414
34b861ce_1624329117415.mp4,54.51607299,720,1448,yuv420p,30.0003,241,8,3915247
2fa26dc6_1625194683332.mp4,52.83437334,720,1444,yuv420p,30.0003,241,8,3788875
d1e704b_1626677222526.mp4,51.28642666,720,1460,yuv420p,30.0003,241,8,3812711
1f5068d2_1625842001581.mp4,49.59622746,720,1440,yuv420p,30.0003,241,8,3855513
1a73a3ce_1623860726073.mp4,42.29645366,684,1340,yuv420p,30.0003,241,8,3271502
13791d9f-fb42-4b19-a5c6-f5d76f58ebcb-f7a65482-0b9f-4977-952d-c3cb34cc5f3e.mp4,45.16891255,718,1380,yuv420p,30.0003,241,8,3821821
3aeed814_1626108500518.mp4,48.99109042,608,1080,yuv420p,30.0003,241,8,2434423
285e8c3f_1624084560699.mp4,45.23822099,718,1376,yuv420p,30.0003,241,8,3587617
3722a2f3_1625199951580.mp4,52.25218129,640,1112,yuv420p,30.0003,241,8,2622558
350b92cc_1626014141401.mp4,37.51037811,540,1110,yuv420p,24.00038401,193,8,2298246
blurred_ff_blur_708_2a1a782a_1624341568278_new.mp4,47.83542262,576,1024,yuv420p,30.0003,241,8,2209188
55450f1_1624376020843.mp4,40.35592185,640,1162,yuv420p,30.0003,241,8,2733312
ea6ab0d_1627659474281.mp4,50.94474086,672,1364,yuv420p,30.0003,241,8,3443565
22592f9f_1624904635409.mp4,47.72770497,640,1422,yuv420p,30.0003,241,8,3429358
blurred_ff_blur_708_1f56a058_1624788445871_new.mp4,38.69999887,720,1444,yuv420p,30.0003,241,8,3852364
11ad4e5f_1627718519442.mp4,48.09008751,652,1404,yuv420p,30.0003,241,8,3457418
3a151f3d_1626246938434.mp4,45.93124802,720,1464,yuv420p,30.0003,241,8,4088670
blurred_ff_blur_708_5a751b7_1625387487948_new.mp4,46.45203558,720,1448,yuv420p,30.0003,241,8,3945139
2871d202_1625211670761.mp4,55.21928654,640,1280,yuv420p,30.0003,241,8,3031228
1f5dd995_1624944497226.mp4,46.02711694,720,1444,yuv420p,30.0003,241,8,3415759
3973dde_1625406412713.mp4,46.13704288,720,1474,yuv420p,30.0003,241,8,7133510
104e36bb_1625381822608.mp4,35.3853645,720,1414,yuv420p,30.0003,241,8,3908188
15b0c57a_1625411007631.mp4,39.43607501,718,1380,yuv420p,30.0003,241,8,3835923
327a0456_1625204768367.mp4,46.18245675,720,1414,yuv420p,30.0003,241,8,3841946
280247c2_1626766470096.mp4,41.8584275,720,1280,yuv420p,30.0003,241,8,3459689
208be2d2_1626860210206.mp4,43.65638069,720,1460,yuv420p,30.0003,241,8,4047181
6b3e350_1625645380859.mp4,39.17566211,718,1380,yuv420p,30.0003,241,8,3916411
649b3fc_1625413603211.mp4,43.96905628,720,1358,yuv420p,30.0003,241,8,3639293
30f15876_1625220905729.mp4,40.27310331,688,1336,yuv420p,30.0003,241,8,3534227
1c980801_1625194365996.mp4,42.88142494,668,1376,yuv420p,30.0003,241,8,3485820
2f6a1be4_1625408971067.mp4,43.34228993,640,1162,yuv420p,30.0003,241,8,2740831
1d9b0977_1625042790862.mp4,47.42832503,720,1432,yuv420p,30.0003,241,8,3862165
314052ce_1625191174188.mp4,42.10478867,720,1280,yuv420p,30.0003,241,8,3429129
1dd55e77_1625205975072.mp4,52.67122404,640,1162,yuv420p,30.0003,241,8,2711198
395f2a31_1625386291820.mp4,45.56511118,720,1414,yuv420p,30.0003,241,8,3974273
blurred_new_654614594_958234_276c3cbf_1627312912622.mp4,47.11984122,576,1024,yuv420p,30.0003,243,8,1299867
29834f8b_1625038082123.mp4,46.93095248,720,1408,yuv420p,30.0003,241,8,3839599
f99ea10_1625160272349.mp4,37.62181668,720,1358,yuv420p,30.0003,241,8,3267559
2b09544d_1626810928854.mp4,26.19549151,676,1356,yuv420p,30.0003,241,8,1019267
20bd9c3_1625372900090.mp4,46.10995625,640,1264,yuv420p,30.0003,241,8,5441637
20244ebb_1627694696487.mp4,51.96955991,720,1364,yuv420p,30.0003,241,8,3724499
a5600d73-3d3d-46aa-9edd-ffa662141dfa-eaf176e0-fe6b-4538-b067-578dddbbc81e.mp4,48.40999803,720,1284,yuv420p,30.0003,241,8,3243834
34c70d01_1625309492308.mp4,51.52679872,720,1280,yuv420p,30.0003,241,8,3441628
224654e2_1624736274337.mp4,43.89511687,720,1280,yuv420p,30.0003,241,8,6208864
1ff73f5f_1626509750965.mp4,46.66189609,720,1464,yuv420p,30.0003,241,8,3948179
28346081_1626253549234.mp4,44.52414621,720,1440,yuv420p,30.0003,241,8,3909252
395b342c_1625684281194.mp4,48.85385534,640,1162,yuv420p,30.0003,241,8,2696607
e3b998b_1625119224893.mp4,46.44020908,540,1140,yuv420p,24.00038401,193,8,4121503
a8bcc89_1625139405733.mp4,48.10259319,720,1398,yuv420p,30.0003,241,8,3758903
2c41b405_1625456532313.mp4,51.05577235,640,1162,yuv420p,30.0003,241,8,2693608
2b33d05a_1625548398294.mp4,45.75652033,720,1440,yuv420p,30.0003,241,8,3846834
3b53aa7_1623857234142.mp4,35.27649282,720,1410,yuv420p,30.0003,241,8,4065816
9fa2260_1625559922408.mp4,45.47297854,720,1460,yuv420p,30.0003,241,8,3905958
14314d83_1625323711629.mp4,38.86733611,720,1448,yuv420p,30.0003,241,8,3948882
1b6dd7da_1625136814398.mp4,42.63446148,640,1162,yuv420p,30.0003,241,8,5076921
360b20f7_1625565202029.mp4,55.99753261,720,1444,yuv420p,30.0003,241,8,3827572
80dadf_1625668045941.mp4,36.74438122,720,1420,yuv420p,30.0003,241,8,3880202
9d54a34_1624605734521.mp4,38.88336663,720,1280,yuv420p,30.0003,241,8,3446072
3620a6a6_1625407925757.mp4,43.82096432,720,1414,yuv420p,30.0003,241,8,3922435
113d6b1c_1625394481766.mp4,45.98145758,720,1280,yuv420p,30.0003,241,8,3429070
32dda607_1625284987905.mp4,54.06351242,720,1280,yuv420p,30.0003,241,8,3419964
1ed38728_1625205253807.mp4,51.75724475,720,1280,yuv420p,30.0003,241,8,6240843
148b600_1625361072213.mp4,51.2527952,720,1410,yuv420p,30.0003,241,8,3950234
129512b9_1625302637131.mp4,43.12838337,720,1460,yuv420p,30.0003,241,8,4017950
d0e8ac8_1625365665579.mp4,48.73061266,720,1398,yuv420p,30.0003,241,8,3833975
12200e44_1625681999471.mp4,40.16662803,720,1440,yuv420p,30.0003,241,8,3928259
33d180e6_1626747586451.mp4,44.12000032,540,1230,yuv420p,24.00038401,193,8,2428472
blurred_ff_blur_708_1de50ca0_1624647953363.mp4,52.11188508,576,1024,yuv420p,30.0003,243,8,1500392
1321e29e_1625671648142.mp4,57.82637758,720,1280,yuv420p,30.0003,241,8,6260148
201c56fa_1625524142095.mp4,42.5815666,720,1460,yuv420p,30.0003,241,8,3970785
11137328_1625221641222.mp4,42.28077725,720,1280,yuv420p,30.0003,241,8,3136700
11cbf545_1625162579862.mp4,48.45125628,640,1138,yuv420p,30.0003,241,8,2791243
2f961c67_1626863842010.mp4,43.81429083,720,1280,yuv420p,30.0003,241,8,3442389
2a1da643_1624962771752.mp4,40.0245234,720,1448,yuv420p,30.0003,241,8,3987742
360a71ec_1625153524797.mp4,46.85910968,640,1162,yuv420p,30.0003,241,8,2681669
c840f39_1625713523917.mp4,54.1226448,720,1432,yuv420p,30.0003,241,8,3820950
166b2835_1623912978648.mp4,56.01407378,684,1342,yuv420p,30.0003,241,8,3437817
1e216b65_1625192512831.mp4,35.89220803,720,1448,yuv420p,30.0003,241,8,4003405
2f6d60c0_1625652162654.mp4,51.70502039,720,1344,yuv420p,30.0003,241,8,3669725
f660b21_1626486283684.mp4,44.15957268,720,1344,yuv420p,30.0003,241,8,3656107
5e9bc8b_1624980648467.mp4,53.83905859,720,1496,yuv420p,30.0003,241,8,7123080
e07a6e9_1625557809763.mp4,44.93884414,640,1162,yuv420p,30.0003,241,8,2757721
32810010_1626024001632.mp4,46.52450782,720,1280,yuv420p,30.0003,241,8,3256561
19c96c1a_1626155443992.mp4,44.51855038,718,1376,yuv420p,30.0003,241,8,3745729
27dad1c4_1625926506972.mp4,42.77508827,720,1460,yuv420p,30.0003,241,8,3937385
1553a1e4_1625107220897.mp4,51.91751029,700,1308,yuv420p,30.0003,241,8,3417223
254602c7_1625830484264.mp4,37.60459189,540,1200,yuv420p,24.00038401,193,8,2485140
e23f714_1626196799369.mp4,53.96154913,720,1444,yuv420p,30.0003,241,8,3867504
356f460a_1625455154953.mp4,51.5785212,640,1162,yuv420p,30.0003,241,8,2731570
b64587_1627663049066.mp4,41.57286859,720,1280,yuv420p,30.0003,241,8,3667135
38ededc2_1626945162453.mp4,46.04732904,720,1440,yuv420p,30.0003,241,8,3841321
77a38d0_1625325479216.mp4,43.1309237,720,1474,yuv420p,30.0003,241,8,4002355
303c193_1624335704299.mp4,53.17790934,640,1264,yuv420p,30.0003,241,8,3007244
738f656_1627727954334.mp4,38.65438476,718,1376,yuv420p,30.0003,241,8,4030096
31f444d6_1624358850175.mp4,44.85098158,720,1280,yuv420p,30.0003,241,8,3455863
35d75d24_1625305185192.mp4,46.41064772,676,1356,yuv420p,30.0003,241,8,3450554
2d204eb6_1625116940804.mp4,43.58427783,720,1440,yuv420p,30.0003,241,8,3824592
14886201_1625460676940.mp4,53.5038454,718,1482,yuv420p,30.0003,241,8,3976507
2cb72c6_1625370877415.mp4,42.92794423,720,1424,yuv420p,30.0003,241,8,3308262
24e39a27_1625409225083.mp4,55.52790219,720,1280,yuv420p,30.0003,241,8,3762704
3aa56f16_1626232586459.mp4,40.27953783,720,1344,yuv420p,30.0003,241,8,3685807
blurred_ff_blur_708_158b059f_1625133658908_new.mp4,33.15744324,720,1286,yuv420p,30.0003,241,8,3921415
ef366b4_1624716791584.mp4,43.20203212,720,1448,yuv420p,30.0003,241,8,4027704
3828b123_1624720292443.mp4,38.88780082,720,1410,yuv420p,30.0003,241,8,3487416
bd33104_1627750021015.mp4,45.54664571,640,1344,yuv420p,30.0003,241,8,3247577
1e7fc2ec_1625535146489.mp4,43.8314498,720,1414,yuv420p,30.0003,241,8,4092894
1d8694ac_1626931161239.mp4,34.41904954,720,1460,yuv420p,30.0003,241,8,4005030
10497b1c_1624808119921.mp4,51.18927054,720,1280,yuv420p,30.0003,241,8,6236871
154e8a2f_1625384221100.mp4,46.7122655,718,1376,yuv420p,30.0003,241,8,3788043
265384d2_1625651143720.mp4,45.75040021,640,1162,yuv420p,30.0003,241,8,5021365
34102876_1625447502639.mp4,39.21720486,720,1440,yuv420p,30.0003,241,8,3831705
34219400_1625661812109.mp4,38.93441282,720,1444,yuv420p,30.0003,241,8,3840311
277db48a_1625464467381.mp4,39.46959526,720,1448,yuv420p,30.0003,241,8,4012486
3841399f_1625113881081.mp4,49.07420205,720,1280,yuv420p,30.0003,241,8,3433630
ae96eb2_1625364355973.mp4,40.69730797,720,1410,yuv420p,30.0003,241,8,3885048
37b77be8_1625217988902.mp4,46.31618063,640,1246,yuv420p,30.0003,241,8,2935302
e7e294f4-9e8e-4263-8d18-32a313c735b1-984fcb42-abbe-4a25-9a97-fe1aa329bf50.mp4,43.97082977,718,1478,yuv420p,30.0003,241,8,3530745
1bdf0db2_1624557375603.mp4,39.41494761,676,1356,yuv420p,30.0003,241,8,3413586
345820aa_1626340769818.mp4,44.0690596,540,1080,yuv420p,24.00038401,193,8,1895856
5f6a861_1626419263194.mp4,46.23233751,718,1380,yuv420p,30.0003,241,8,3792043
blurred_ff_blur_708_2c862fb9_1625105229705_new.mp4,41.01304014,720,1364,yuv420p,30.0003,241,8,4270143
1ab14dfb_1625663335988.mp4,40.5440576,720,1414,yuv420p,30.0003,241,8,3907135
blurred_ff_blur_708_1ccf6de_1624818775132_new.mp4,42.53136875,720,1344,yuv420p,30.0003,241,8,3681689
161145e1_1625389615164.mp4,37.44253872,720,1440,yuv420p,30.0003,241,8,3804626
cace775_1626600878565.mp4,51.0066984,640,1162,yuv420p,30.0003,241,8,2720432
359d3d3d_1626458031491.mp4,42.59535836,684,1340,yuv420p,30.0003,241,8,3440350
238970fb_1625543539533.mp4,42.84702801,676,1356,yuv420p,30.0003,241,8,3425768
20bde6f0_1626433169049.mp4,49.31195083,720,1476,yuv420p,30.0003,241,8,6750182
96032f6_1626267327324.mp4,36.63456164,720,1440,yuv420p,30.0003,241,8,3821216
190ce617_1624959673961.mp4,49.58971612,720,1284,yuv420p,30.0003,241,8,3412470
348c20da_1627635889553.mp4,36.74817543,720,1448,yuv420p,30.0003,241,8,3974287
34628387_1625387622528.mp4,53.433981,720,1414,yuv420p,30.0003,241,8,3832821
f2aa85e_1625627263510.mp4,42.68098148,720,1356,yuv420p,30.0003,241,8,3723964
1957cac9_1624168806944.mp4,40.56693355,720,1440,yuv420p,30.0003,241,8,4357605
31fb25c1_1625290890124.mp4,43.26269717,640,1162,yuv420p,30.0003,241,8,5014962
18c0153b_1625307316568.mp4,47.40717397,720,1280,yuv420p,30.0003,241,8,3408296
23e7539f_1626449714979.mp4,39.45924704,540,1200,yuv420p,24.00038401,193,8,2447160
1d8af413_1625140973442.mp4,49.63385459,720,1460,yuv420p,30.0003,241,8,3954290
9d93cb9_1625219984790.mp4,45.70158326,720,1440,yuv420p,30.0003,241,8,3601178
1e122f94_1624442796080.mp4,44.57035124,718,1376,yuv420p,30.0003,241,8,3749186
blurred_new_639810439_157560_122e8dac_1626621123203.mp4,43.13637123,720,1280,yuv420p,24.00038401,193,8,3325519
5c38e29_1625030483732.mp4,50.66526969,720,1280,yuv420p,24.00038401,193,8,3423647
6a62e05_1625666214679.mp4,44.38930559,720,1448,yuv420p,30.0003,241,8,3933563
22d44a36_1625590780642.mp4,42.63361817,718,1376,yuv420p,30.0003,241,8,3833272
4dd6cfd_1625455208239.mp4,51.00267492,720,1448,yuv420p,30.0003,241,8,3929480
c232549_1625451210190.mp4,37.31340739,720,1444,yuv420p,30.0003,241,8,7078456
8682bf7_1625309829330.mp4,51.0082732,540,1140,yuv420p,24.00038401,193,8,4151901
2994ccd5_1625372789254.mp4,50.90451126,720,1364,yuv420p,30.0003,241,8,3632950
blurred_ff_blur_708_1cf9175a_1623818216421_new.mp4,37.20860099,720,1424,yuv420p,30.0003,241,8,3911972
195f5b2f_1624007300816.mp4,41.29833191,668,1368,yuv420p,30.0003,241,8,3527911
76030e1_1624503767869.mp4,45.85175507,720,1414,yuv420p,30.0003,241,8,3812451
18f3b458_1627148295554.mp4,44.29932307,720,1344,yuv420p,30.0003,241,8,3294052
28c4b24c_1625415737495.mp4,51.79546542,720,1440,yuv420p,30.0003,241,8,6939687
eae6e03_1624380381406.mp4,41.09317432,720,1364,yuv420p,30.0003,241,8,4299082
2912590_1624730926383.mp4,40.47902439,720,1280,yuv420p,30.0003,241,8,3552424
29b2f2e9_1623949728953.mp4,50.48415002,720,1364,yuv420p,30.0003,241,8,4077031
330f0347_1625191521220.mp4,49.26472099,720,1280,yuv420p,30.0003,241,8,3500910
56eba4d_1625213559937.mp4,41.0318299,720,1460,yuv420p,30.0003,241,8,3955335
27e21c7a_1624340682419.mp4,45.73170656,720,1410,yuv420p,30.0003,241,8,3854236
b423700_1625125359077.mp4,54.43350492,640,1162,yuv420p,30.0003,241,8,2715053
2966daea_1624885258506.mp4,38.64558597,720,1284,yuv420p,30.0003,241,8,4218380
308de553_1625566419151.mp4,45.64537141,720,1410,yuv420p,30.0003,241,8,3836414
38251d51_1625318026414.mp4,49.89949955,720,1450,yuv420p,30.0003,241,8,3955789
b69c6a_1624534718030.mp4,41.42764046,720,1362,yuv420p,30.0003,241,8,3657199
37525750_1625581699636.mp4,48.33600181,720,1364,yuv420p,30.0003,241,8,4021226
25d02c21_1626960777122.mp4,43.50754541,720,1344,yuv420p,30.0003,241,8,3643002
250c4de5_1625556456985.mp4,50.14461063,720,1424,yuv420p,30.0003,241,8,3863046
1b986b5c_1626010043350.mp4,40.87917638,668,1376,yuv420p,30.0003,241,8,3476463
blurred_ff_blur_708_3042a857_1625394232657_new.mp4,46.77731783,720,1410,yuv420p,30.0003,241,8,3821534
503a07a_1625099898394.mp4,37.24983784,720,1344,yuv420p,30.0003,241,8,3538024
38faef61_1625406453385.mp4,46.0311378,718,1478,yuv420p,30.0003,241,8,3573964
1f59f97_1626974877935.mp4,39.32640728,718,1478,yuv420p,30.0003,241,8,4018081
20bd842f_1625408914754.mp4,41.60198321,720,1460,yuv420p,30.0003,241,8,4572181
blurred_ff_blur_708_1425a122_1625476948288_new.mp4,49.40913789,720,1280,yuv420p,30.0003,241,8,3419953
24effb95_1625941296490.mp4,47.128343,720,1280,yuv420p,30.0003,241,8,3574916
2e6b9272_1625408006459.mp4,35.48504512,718,1478,yuv420p,30.0003,241,8,3912222
1c890e7d_1625388545089.mp4,48.57758631,720,1424,yuv420p,30.0003,241,8,3855217
19cc6c90_1625372284895.mp4,54.32963744,680,1348,yuv420p,30.0003,241,8,3435512
1d13975c_1625113772790.mp4,37.50776557,720,1346,yuv420p,30.0003,241,8,3684758
38baf52b_1625451480034.mp4,41.69271769,720,1280,yuv420p,24.00038401,193,8,3414385
2922d0bf_1625458943052.mp4,44.37093154,720,1280,yuv420p,30.0003,241,8,3500376
14eb1be_1625500564464.mp4,44.76104672,720,1460,yuv420p,30.0003,241,8,6722138
blurred_ff_blur_708_151cade3_1625323596850.mp4,44.10048421,720,1280,yuv420p,30.0003,243,8,1454250
blurred_ff_blur_708_40cc57c_1625540289539_new.mp4,41.19943162,720,1464,yuv420p,30.0003,241,8,3980579
113bf434_1625370821466.mp4,45.81620853,640,1162,yuv420p,30.0003,241,8,5037266
31a13201_1625419209982.mp4,47.11115492,720,1280,yuv420p,30.0003,241,8,4359499
1d650bd2_1625406298100.mp4,56.63063187,720,1460,yuv420p,30.0003,241,8,3952408
ca56c6_1625594669417.mp4,44.26654754,720,1442,yuv420p,30.0003,241,8,3881322
23415753_1626616076697.mp4,40.36858413,720,1208,yuv420p,30.0003,241,8,3409513
963f577_1625118945602.mp4,42.28942343,720,1284,yuv420p,30.0003,241,8,3402026
1c6faf59_1625563972451.mp4,46.83163081,684,1342,yuv420p,30.0003,241,8,3166410
27e3050f_1626346803796.mp4,54.31887227,720,1480,yuv420p,24.00038401,193,8,3932431
23ec1c51_1624362961141.mp4,43.46563547,720,1460,yuv420p,30.0003,241,8,3978213
3146d6e5_1625279762902.mp4,43.13390035,720,1344,yuv420p,30.0003,241,8,3674433
2e58335a_1625913571949.mp4,49.64880226,720,1364,yuv420p,30.0003,241,8,3674652
222980e1_1625461374253.mp4,36.98544157,720,1410,yuv420p,30.0003,241,8,3844290
a5090f0_1626447271339.mp4,46.66453247,720,1448,yuv420p,30.0003,241,8,3957844
103e389d_1627500187963.mp4,39.62286357,720,1444,yuv420p,30.0003,241,8,3930725
2b2adf9c_1625120964677.mp4,46.06240541,720,1364,yuv420p,30.0003,241,8,3718225
6285ada_1625329500163.mp4,42.08979465,720,1448,yuv420p,30.0003,241,8,3932622
1273ae8e_1624612609501.mp4,49.78769207,540,1140,yuv420p,24.00038401,193,8,4022360
1a3e3535_1625906112256.mp4,43.28121019,720,1424,yuv420p,30.0003,241,8,3871997
d2b7e8_1624098998334.mp4,54.2569849,720,1280,yuv420p,30.0003,241,8,3441061
20f185c1_1625533495458.mp4,38.30162113,718,1380,yuv420p,30.0003,241,8,3818610
14023f60_1625915722805.mp4,43.65947984,720,1410,yuv420p,30.0003,241,8,3849122
2044bddf_1627553738146.mp4,46.5578537,720,1364,yuv420p,30.0003,241,8,3564448
31c4d790_1625291192191.mp4,41.13561355,720,1448,yuv420p,30.0003,241,8,3939297
df595eb_1625980685277.mp4,38.8806796,720,1344,yuv420p,30.0003,241,8,3617739
324ce315_1625914801362.mp4,46.62296897,720,1344,yuv420p,30.0003,241,8,3625705
28e4ff22_1625887614644.mp4,54.51821034,720,1410,yuv420p,30.0003,241,8,3846928
b3dd26e_1625457978200.mp4,47.78651134,720,1460,yuv420p,30.0003,241,8,3875761
6582686_1626533220875.mp4,44.09270417,720,1424,yuv420p,30.0003,241,8,3857433
125ed816_1625494732401.mp4,50.57468238,640,1312,yuv420p,30.0003,241,8,3119456
b0fc933_1625329572718.mp4,44.87592428,608,1080,yuv420p,30.0003,241,8,2495203
33a83858_1626351196833.mp4,44.00926181,720,1398,yuv420p,30.0003,241,8,3873474
f0e7e867-055d-4318-b730-b5c319737bb6-e6942582-5b07-4b62-a513-3a6076a873bb.mp4,40.63368208,672,1364,yuv420p,30.0003,241,8,3449590
286f0f5e_1626679271056.mp4,47.19808128,720,1280,yuv420p,30.0003,241,8,3355748
fd31e7c_1625487297188.mp4,30.98137508,718,1376,yuv420p,30.0003,241,8,3771900
8d6a3a1_1626421027870.mp4,42.02776498,720,1448,yuv420p,30.0003,241,8,3944611
307100ac_1625819974743.mp4,47.43287451,720,1280,yuv420p,24.00038401,193,8,3163242
blurred_ff_blur_708_29a81f41_1624679540852.mp4,44.72155736,576,1024,yuv420p,30.0003,243,8,1957219
f626ee9_1624270079627.mp4,50.00374546,720,1460,yuv420p,30.0003,241,8,3894670